{"cameraMode":{"drawMode":0,"name":"Shaded","section":"Shading Mode"},"sceneLighting":true,"audioPlay":false,"sceneViewState":{"showFog":true,"showMaterialUpdate":false,"showSkybox":true,"showFlares":true,"showImageEffects":true,"showParticleSystems":true},"in2DMode":false,"pivot":{"x":53.19505310058594,"y":21.103269577026368,"z":21.149639129638673},"rotation":{"x":-0.15123452246189118,"y":-0.21867695450782777,"z":0.034327708184719089,"w":-0.9633951783180237},"size":6.126992702484131,"orthographic":false}