{"cameraMode":{"drawMode":0,"name":"Shaded","section":"Shading Mode"},"sceneLighting":false,"audioPlay":false,"sceneViewState":{"showFog":true,"showMaterialUpdate":false,"showSkybox":true,"showFlares":true,"showImageEffects":true,"showParticleSystems":true},"in2DMode":false,"pivot":{"x":193.5292510986328,"y":52.255714416503909,"z":20.0},"rotation":{"x":-0.04040249064564705,"y":-0.5212437510490418,"z":0.02475196309387684,"w":-0.8520915508270264},"size":3.7551872730255129,"orthographic":true}