{"cameraMode":{"drawMode":0,"name":"Shaded","section":"Shading Mode"},"sceneLighting":false,"audioPlay":false,"sceneViewState":{"showFog":true,"showMaterialUpdate":false,"showSkybox":true,"showFlares":true,"showImageEffects":true,"showParticleSystems":true},"in2DMode":false,"pivot":{"x":-7.987022399902344,"y":20.60276222229004,"z":20.13684844970703},"rotation":{"x":-0.2864094078540802,"y":0.03792622685432434,"z":-0.011346805840730667,"w":-0.9572891592979431},"size":4.06622314453125,"orthographic":false}