{"cameraMode":{"drawMode":0,"name":"Shaded","section":"Shading Mode"},"sceneLighting":false,"audioPlay":false,"sceneViewState":{"showFog":true,"showMaterialUpdate":false,"showSkybox":true,"showFlares":true,"showImageEffects":true,"showParticleSystems":true},"in2DMode":false,"pivot":{"x":2.8901984691619875,"y":23.929672241210939,"z":20.423484802246095},"rotation":{"x":-0.11201711744070053,"y":-0.27951669692993166,"z":0.03284722939133644,"w":-0.9530182480812073},"size":19.797698974609376,"orthographic":true}