{"cameraMode":{"drawMode":0,"name":"Shaded","section":"Shading Mode"},"sceneLighting":false,"audioPlay":false,"sceneViewState":{"showFog":true,"showMaterialUpdate":false,"showSkybox":true,"showFlares":true,"showImageEffects":true,"showParticleSystems":true},"in2DMode":false,"pivot":{"x":23.02534294128418,"y":20.43885612487793,"z":20.380369186401368},"rotation":{"x":0.08644379675388336,"y":0.19154837727546693,"z":-0.016932222992181779,"w":0.9775224328041077},"size":7.757915496826172,"orthographic":true}