{"cameraMode":{"drawMode":0,"name":"Shaded","section":"Shading Mode"},"sceneLighting":false,"audioPlay":false,"sceneViewState":{"showFog":true,"showMaterialUpdate":false,"showSkybox":true,"showFlares":true,"showImageEffects":true,"showParticleSystems":true},"in2DMode":false,"pivot":{"x":-10.397086143493653,"y":20.287418365478517,"z":20.519683837890626},"rotation":{"x":-0.19446678459644319,"y":0.22776129841804505,"z":-0.04647031053900719,"w":-0.9529680013656616},"size":6.010377883911133,"orthographic":true}