{"cameraMode":{"drawMode":0,"name":"Shaded","section":"Shading Mode"},"sceneLighting":true,"audioPlay":false,"sceneViewState":{"showFog":true,"showMaterialUpdate":false,"showSkybox":true,"showFlares":true,"showImageEffects":true,"showParticleSystems":true},"in2DMode":false,"pivot":{"x":85.17510223388672,"y":27.414392471313478,"z":-1.3076984882354737},"rotation":{"x":-0.17870505154132844,"y":-0.05898500233888626,"z":0.010768190026283265,"w":-0.9820740222930908},"size":135.07814025878907,"orthographic":true}