{"cameraMode":{"drawMode":0,"name":"Shaded","section":"Shading Mode"},"sceneLighting":false,"audioPlay":false,"sceneViewState":{"showFog":true,"showMaterialUpdate":false,"showSkybox":true,"showFlares":true,"showImageEffects":true,"showParticleSystems":true},"in2DMode":false,"pivot":{"x":53.7291259765625,"y":21.726810455322267,"z":22.203109741210939},"rotation":{"x":0.08644379675388336,"y":0.19154837727546693,"z":-0.016932222992181779,"w":0.9775224328041077},"size":6.3167805671691898,"orthographic":true}