{"cameraMode":{"drawMode":0,"name":"Shaded","section":"Shading Mode"},"sceneLighting":false,"audioPlay":false,"sceneViewState":{"showFog":true,"showMaterialUpdate":false,"showSkybox":true,"showFlares":true,"showImageEffects":true,"showParticleSystems":true},"in2DMode":false,"pivot":{"x":-5.755247592926025,"y":2.9410972595214845,"z":-0.2601490020751953},"rotation":{"x":0.09076521545648575,"y":0.08206502348184586,"z":-0.007498776074498892,"w":0.9924569725990295},"size":30.31084442138672,"orthographic":true}