{"cameraMode":{"drawMode":0,"name":"Shaded","section":"Shading Mode"},"sceneLighting":false,"audioPlay":false,"sceneViewState":{"showFog":true,"showMaterialUpdate":false,"showSkybox":true,"showFlares":true,"showImageEffects":true,"showParticleSystems":true},"in2DMode":false,"pivot":{"x":-3.09932804107666,"y":20.36273193359375,"z":20.44729995727539},"rotation":{"x":0.08644379675388336,"y":0.19154837727546693,"z":-0.016932222992181779,"w":0.9775224328041077},"size":3.429044723510742,"orthographic":true}