{"cameraMode":{"drawMode":0,"name":"Shaded","section":"Shading Mode"},"sceneLighting":false,"audioPlay":false,"sceneViewState":{"showFog":true,"showMaterialUpdate":false,"showSkybox":true,"showFlares":true,"showImageEffects":true,"showParticleSystems":true},"in2DMode":false,"pivot":{"x":-7.789513111114502,"y":20.497211456298829,"z":21.396995544433595},"rotation":{"x":-0.11201711744070053,"y":-0.27951669692993166,"z":0.03284722939133644,"w":-0.9530182480812073},"size":15.785675048828125,"orthographic":true}