{"cameraMode":{"drawMode":0,"name":"Shaded","section":"Shading Mode"},"sceneLighting":false,"audioPlay":false,"sceneViewState":{"showFog":true,"showMaterialUpdate":false,"showSkybox":true,"showFlares":true,"showImageEffects":true,"showParticleSystems":true},"in2DMode":false,"pivot":{"x":21.65999984741211,"y":21.0020809173584,"z":20.004642486572267},"rotation":{"x":0.08210070431232453,"y":-0.013452921994030476,"z":0.0011149069759994746,"w":0.9965326189994812},"size":4.275076389312744,"orthographic":true}