{"cameraMode":{"drawMode":0,"name":"Shaded","section":"Shading Mode"},"sceneLighting":false,"audioPlay":false,"sceneViewState":{"showFog":true,"showMaterialUpdate":false,"showSkybox":true,"showFlares":true,"showImageEffects":true,"showParticleSystems":true},"in2DMode":false,"pivot":{"x":193.5292510986328,"y":52.255714416503909,"z":20.0},"rotation":{"x":0.0646875724196434,"y":0.34526684880256655,"z":-0.02385551668703556,"w":0.9359686374664307},"size":3.7551872730255129,"orthographic":true}