{"cameraMode":{"drawMode":0,"name":"Shaded","section":"Shading Mode"},"sceneLighting":false,"audioPlay":false,"sceneViewState":{"showFog":true,"showMaterialUpdate":false,"showSkybox":true,"showFlares":true,"showImageEffects":true,"showParticleSystems":true},"in2DMode":false,"pivot":{"x":53.19505310058594,"y":21.12678337097168,"z":21.149639129638673},"rotation":{"x":-0.02998034842312336,"y":-0.9432204365730286,"z":0.08883912116289139,"w":-0.31865984201431277},"size":13.154918670654297,"orthographic":true}