{"cameraMode":{"drawMode":0,"name":"Shaded","section":"Shading Mode"},"sceneLighting":false,"audioPlay":false,"sceneViewState":{"showFog":true,"showMaterialUpdate":false,"showSkybox":true,"showFlares":true,"showImageEffects":true,"showParticleSystems":true},"in2DMode":false,"pivot":{"x":193.5292510986328,"y":52.255714416503909,"z":20.0},"rotation":{"x":-0.053962189704179767,"y":0.020973073318600656,"z":-0.0011005968553945423,"w":-0.9983221292495728},"size":3.7551872730255129,"orthographic":true}