{"cameraMode":{"drawMode":0,"name":"Shaded","section":"Shading Mode"},"sceneLighting":false,"audioPlay":false,"sceneViewState":{"showFog":true,"showMaterialUpdate":false,"showSkybox":true,"showFlares":true,"showImageEffects":true,"showParticleSystems":true},"in2DMode":false,"pivot":{"x":-9.545076370239258,"y":19.70583152770996,"z":20.35361671447754},"rotation":{"x":0.3198944926261902,"y":-0.09445580840110779,"z":0.03207264468073845,"w":0.9421874284744263},"size":6.010377883911133,"orthographic":false}