{"cameraMode":{"drawMode":0,"name":"Shaded","section":"Shading Mode"},"sceneLighting":false,"audioPlay":false,"sceneViewState":{"showFog":true,"showMaterialUpdate":false,"showSkybox":true,"showFlares":true,"showImageEffects":true,"showParticleSystems":true},"in2DMode":false,"pivot":{"x":-0.23365497589111329,"y":17.53664779663086,"z":20.501510620117189},"rotation":{"x":-0.0032148160971701147,"y":-0.9920684695243836,"z":0.12295503169298172,"w":-0.025921616703271867},"size":59.41788864135742,"orthographic":false}