{"cameraMode":{"drawMode":0,"name":"Shaded","section":"Shading Mode"},"sceneLighting":true,"audioPlay":false,"sceneViewState":{"showFog":true,"showMaterialUpdate":false,"showSkybox":true,"showFlares":true,"showImageEffects":true,"showParticleSystems":true},"in2DMode":false,"pivot":{"x":-10.856975555419922,"y":19.965919494628908,"z":20.342687606811525},"rotation":{"x":0.029084816575050355,"y":0.20014534890651704,"z":0.005944068543612957,"w":-0.9793164134025574},"size":0.9924280047416687,"orthographic":false}