{"cameraMode":{"drawMode":0,"name":"Shaded","section":"Shading Mode"},"sceneLighting":false,"audioPlay":false,"sceneViewState":{"showFog":true,"showMaterialUpdate":false,"showSkybox":true,"showFlares":true,"showImageEffects":true,"showParticleSystems":true},"in2DMode":false,"pivot":{"x":-14.869806289672852,"y":20.419132232666017,"z":22.789011001586915},"rotation":{"x":0.05811092630028725,"y":-0.03982380032539368,"z":-0.002319872844964266,"w":-0.9975128173828125},"size":9.482880592346192,"orthographic":false}