{"cameraMode":{"drawMode":0,"name":"Shaded","section":"Shading Mode"},"sceneLighting":false,"audioPlay":false,"sceneViewState":{"showFog":true,"showMaterialUpdate":false,"showSkybox":true,"showFlares":true,"showImageEffects":true,"showParticleSystems":true},"in2DMode":false,"pivot":{"x":-0.3617372512817383,"y":17.223257064819337,"z":20.510393142700197},"rotation":{"x":-0.25565585494041445,"y":0.31171584129333498,"z":-0.08748210966587067,"w":-0.9109447598457336},"size":21.27057647705078,"orthographic":false}