{"cameraMode":{"drawMode":0,"name":"Shaded","section":"Shading Mode"},"sceneLighting":false,"audioPlay":false,"sceneViewState":{"showFog":true,"showMaterialUpdate":false,"showSkybox":true,"showFlares":true,"showImageEffects":true,"showParticleSystems":true},"in2DMode":false,"pivot":{"x":0.8389803171157837,"y":16.2827091217041,"z":21.230690002441408},"rotation":{"x":-0.3058047890663147,"y":-0.013708144426345826,"z":0.004404241219162941,"w":-0.9519854187965393},"size":13.749029159545899,"orthographic":false}