{"cameraMode":{"drawMode":0,"name":"Shaded","section":"Shading Mode"},"sceneLighting":false,"audioPlay":false,"sceneViewState":{"showFog":true,"showMaterialUpdate":false,"showSkybox":true,"showFlares":true,"showImageEffects":true,"showParticleSystems":true},"in2DMode":false,"pivot":{"x":-7.987022399902344,"y":21.3096923828125,"z":18.853500366210939},"rotation":{"x":-0.1556100994348526,"y":-0.4915139079093933,"z":0.08975619822740555,"w":-0.8521405458450317},"size":14.519691467285157,"orthographic":false}