{"cameraMode":{"drawMode":0,"name":"Shaded","section":"Shading Mode"},"sceneLighting":true,"audioPlay":false,"sceneViewState":{"showFog":true,"showMaterialUpdate":false,"showSkybox":true,"showFlares":true,"showImageEffects":true,"showParticleSystems":true},"in2DMode":false,"pivot":{"x":-10.37708568572998,"y":20.394817352294923,"z":20.519683837890626},"rotation":{"x":-0.06159204989671707,"y":0.5270788073539734,"z":-0.038340430706739429,"w":-0.8467139005661011},"size":2.19242787361145,"orthographic":false}