{"cameraMode":{"drawMode":0,"name":"Shaded","section":"Shading Mode"},"sceneLighting":false,"audioPlay":false,"sceneViewState":{"showFog":true,"showMaterialUpdate":false,"showSkybox":true,"showFlares":true,"showImageEffects":true,"showParticleSystems":true},"in2DMode":false,"pivot":{"x":-7.987022399902344,"y":21.3096923828125,"z":18.853500366210939},"rotation":{"x":-0.14384904503822328,"y":-0.19661714136600495,"z":0.029174942523241044,"w":-0.9694318175315857},"size":6.2703752517700199,"orthographic":false}