{"cameraMode":{"drawMode":0,"name":"Shaded","section":"Shading Mode"},"sceneLighting":true,"audioPlay":false,"sceneViewState":{"showFog":true,"showMaterialUpdate":false,"showSkybox":true,"showFlares":true,"showImageEffects":true,"showParticleSystems":true},"in2DMode":false,"pivot":{"x":53.19505310058594,"y":21.12678337097168,"z":21.149639129638673},"rotation":{"x":-0.14384904503822328,"y":-0.19661714136600495,"z":0.029174942523241044,"w":-0.9694318175315857},"size":8.065683364868164,"orthographic":false}