{"cameraMode":{"drawMode":0,"name":"Shaded","section":"Shading Mode"},"sceneLighting":true,"audioPlay":false,"sceneViewState":{"showFog":true,"showMaterialUpdate":false,"showSkybox":true,"showFlares":true,"showImageEffects":true,"showParticleSystems":true},"in2DMode":false,"pivot":{"x":53.19505310058594,"y":21.12678337097168,"z":21.149639129638673},"rotation":{"x":-0.169250950217247,"y":-0.021885184571146966,"z":0.0037590176798403265,"w":-0.9853228330612183},"size":9.696784019470215,"orthographic":false}