{"cameraMode":{"drawMode":0,"name":"Shaded","section":"Shading Mode"},"sceneLighting":false,"audioPlay":false,"sceneViewState":{"showFog":true,"showMaterialUpdate":false,"showSkybox":true,"showFlares":true,"showImageEffects":true,"showParticleSystems":true},"in2DMode":false,"pivot":{"x":-10.397086143493653,"y":20.287418365478517,"z":20.519683837890626},"rotation":{"x":-0.0795859843492508,"y":0.05887516960501671,"z":-0.004708806984126568,"w":-0.9950767159461975},"size":6.010377883911133,"orthographic":false}