{"cameraMode":{"drawMode":0,"name":"Shaded","section":"Shading Mode"},"sceneLighting":true,"audioPlay":false,"sceneViewState":{"showFog":true,"showMaterialUpdate":false,"showSkybox":true,"showFlares":true,"showImageEffects":true,"showParticleSystems":true},"in2DMode":false,"pivot":{"x":60.389434814453128,"y":19.492525100708009,"z":20.659332275390626},"rotation":{"x":-0.429098516702652,"y":0.3649294376373291,"z":-0.19502897560596467,"w":-0.8029100894927979},"size":17.949426651000978,"orthographic":false}